Date,Price,Open,High,Low,Change 
2015-07-20,81319.97,82813.58,82894.5,81014.45,-0.02
2015-07-21,81583.62,81688.73,81888.14,80960.94,0
2015-07-22,81222.38,81736.74,81856.73,80677.01,0
2015-07-23,78336.57,81201.91,81201.91,78164.14,-0.04
2015-07-24,78712.07,78151.53,79256.36,77726.17,0
2015-07-27,77351.98,78724.77,79171.13,77230.1,-0.02
2015-07-28,78024.02,77687.15,78729.32,77687.15,0.01
2015-07-29,78079.76,78140.69,78635.12,77667.29,0
2015-07-30,78271.49,77633.03,78889.41,77534.29,0
2015-07-31,79909.68,78518.73,79909.68,78125.75,0.02
2015-08-03,78164.09,79879.67,79879.67,78022.7,-0.02
2015-08-04,78234.86,78463.47,78753.82,77805.61,0
2015-08-05,78134.32,78095.07,78562.43,77714.37,0
2015-08-06,78803.08,78416.07,79030.09,78325.49,0.01
2015-08-07,78427.06,79003.54,79123.64,78173.79,0
2015-08-10,77495.29,78592,78759.44,77309.97,-0.01
2015-08-11,79719.99,78516.85,79908.65,78516.85,0.03
2015-08-12,78174.81,78887.36,79062.94,78085.44,-0.02
2015-08-13,77085.5,78234.85,78234.85,75802.3,-0.01
2015-08-14,77308.95,76780.08,77699.27,76484.42,0
2015-08-17,76922.44,77357.71,77569.71,76368.69,-0.01
2015-08-18,75960.11,76428.76,76894.55,75960.11,-0.01
2015-08-19,75299.59,76323.17,76646.78,75188,-0.01
2015-08-20,74681.84,75086.85,75086.85,73697.07,-0.01
2015-08-21,73797.77,74392.08,74623.33,73520.06,-0.01
2015-08-24,71341.95,72638.68,72638.68,69797.4,-0.03
2015-08-25,73509.71,72191.09,73778.35,71997.2,0.03
2015-08-26,73615.91,73375.81,74140.94,72770,0
2015-08-27,74813.48,74589.12,75157.89,74475.76,0.02
2015-08-28,74641.6,74981.53,75156.94,74020.06,0
2015-08-31,75210.37,74549.23,75320.7,74526.15,0.01
2015-09-01,73569.66,74843.84,74899.14,73375,-0.02
2015-09-02,73656.12,73872.64,74260.7,73434.13,0
2015-09-03,74004.13,74031.62,74397.64,73291.42,0
2015-09-04,72950.11,73427.59,73997.88,72896.43,-0.01
2015-09-07,71865.82,72435.48,72435.48,71557.42,-0.01
2015-09-08,72051.79,72375.07,72628.86,71594.5,0
2015-09-09,72003.34,72788.05,72895.52,71992.5,0
2015-09-10,71846.52,71743.32,71954.44,71263.32,0
2015-09-11,71350.87,71972.11,71993.94,71349.56,-0.01
2015-09-14,71299.43,71625.57,71682.49,71050.41,0
2015-09-15,73173.35,71490.04,73196.09,71307.53,0.03
2015-09-16,74149.46,73299.28,74378.49,73013.27,0.01
2015-09-17,74980.56,74052.52,74980.56,73845.98,0.01
2015-09-18,75099.03,74880.25,75102.09,74011.44,0
2015-09-21,75860.7,74879.84,76028.31,74524.74,0.01
2015-09-22,74993.71,76046.81,76189.52,74593.1,-0.01
2015-09-23,74610.2,74833.33,75070.2,74610.2,-0.01
2015-09-28,73314.99,74759.47,75128.26,73314.99,-0.02
2015-09-29,74257.65,72865.87,74327.49,72638.09,0.01
2015-09-30,74205.47,74649.96,74752.94,73783.35,0
2015-10-01,74530.96,74623.07,74835.8,74020.55,0
2015-10-02,74396.65,74570.7,74691.2,73826.02,0
2015-10-05,76902.54,75312.53,76902.54,75312.53,0.03
2015-10-06,77258.59,76977.32,77606.67,76625.12,0
2015-10-07,78698.17,77822.39,78726.61,77632.84,0.02
2015-10-08,78661.03,78309.44,79245.68,78013.35,0
2015-10-09,79214.93,79237.1,79616.1,78842.36,0.01
2015-10-12,79300.09,78547.45,79619.64,78547.45,0
2015-10-13,78358.61,79342.9,79495.46,77889.5,-0.01
2015-10-14,79380.24,78388.89,79502.62,78317.59,0.01
2015-10-15,79263.26,80012.83,80383.05,79263.26,0
2015-10-16,78483.55,79614.92,79614.92,78483.55,-0.01
2015-10-19,79734.54,78845.95,79894.92,78845.95,0.02
2015-10-20,80496.48,79810.15,80594.1,79678.11,0.01
2015-10-21,79765.28,80395.79,80423.96,79284.41,-0.01
2015-10-22,80255.91,79842.74,80532.23,79842.74,0.01
2015-10-23,80124.84,80892.37,81066.72,80091.17,0
2015-10-26,79262.26,80172.36,80403.05,79219.64,-0.01
2015-10-27,78662.51,79206.19,79384.03,78094.91,-0.01
2015-10-28,78536.29,78633.89,78650.89,77999.78,0
2015-10-30,79409,78230.28,79504.68,77585.44,0.01
2015-11-02,83693.61,83653.72,84354.08,83229.46,0.05
2015-11-03,82913.85,83857.05,83926.68,82853.22,-0.01
2015-11-04,83684.07,83284.7,83784.77,83284.7,0.01
2015-11-05,82955.67,83234.86,83329.36,82546.74,-0.01
2015-11-06,81930.21,83201.42,83231.88,81718.47,-0.01
2015-11-09,82050.14,82000.37,82622.2,81757.19,0
2015-11-10,81174.1,82311.31,82592.47,81174.1,-0.01
2015-11-11,81717.99,81484.5,82364.99,81484.5,0.01
2015-11-12,82143.43,82217.35,82295.7,81426.17,0.01
2015-11-13,81878.75,82126.93,82292.34,81624.84,0
2015-11-16,81046.42,81580.64,81822.37,81018.67,-0.01
2015-11-17,81152.85,81325.66,81857.53,81152.85,0
2015-11-18,80514.17,81064,81476.48,80336.11,-0.01
2015-11-19,80441.2,80860.34,81117.98,80185.7,0
2015-11-20,80681.67,80397.56,81121.69,80384.51,0
2015-11-23,79744.79,80652.61,80784.15,79744.79,-0.01
2015-11-24,76242.98,79868.8,80008.03,76095.76,-0.04
2015-11-25,76836.52,76570.12,76975.33,75520.73,0.01
2015-11-26,74997.64,76624.54,76690.36,74992.98,-0.02
2015-11-27,75638.43,74824,76522.93,74824,0.01
2015-11-30,75232.79,75638.43,76535.24,75097.07,-0.01
2015-12-01,76785.45,75232.79,76785.45,75232.79,0.02
2015-12-02,76394.96,76785.45,77766.72,76246.26,-0.01
2015-12-03,75452.84,76394.96,77141.32,75392.35,-0.01
2015-12-04,74265.3,75452.84,75887.79,73370.84,-0.02
2015-12-07,73908.89,74265.3,74534.13,73354.74,0
2015-12-08,73100.86,73908.89,74204.29,72954.62,-0.01
2015-12-09,74583.74,73100.86,74732.11,72948.46,0.02
2015-12-10,72354.16,74583.74,75237.06,72012.65,-0.03
2015-12-11,70280.34,72354.16,72511.95,70280.34,-0.03
2015-12-14,69308.74,70280.34,71695.94,69190.95,-0.01
2015-12-15,72156.79,69308.74,72391.87,69308.74,0.04
2015-12-16,72831.78,72156.79,72887.89,71397.03,0.01
2015-12-17,73711.88,72831.78,74178.78,72823.45,0.01
2015-12-18,72460.35,73711.88,73711.88,72203.09,-0.02
2015-12-21,73328.16,72460.35,73781.35,72460.35,0.01
2015-12-22,73102.1,73328.16,73380.14,72220.54,0
2015-12-23,74044.89,73102.1,74498.61,73102.1,0.01
2015-12-24,74050.35,74044.89,74393.68,73864.96,0
2015-12-25,74189.53,74050.35,74227.85,73994.66,0
2015-12-28,74243.17,74189.53,74953.61,74189.53,0
2015-12-29,73912.61,74243.17,74527.68,73692.94,0
2015-12-30,73200.69,73912.61,74004.94,73064.64,-0.01
2015-12-31,71726.99,73200.69,73372.07,71433.59,-0.02
2016-01-04,70518.35,71726.99,71726.99,69880.43,-0.02
2016-01-05,70688.1,70518.35,71253.47,69395.82,0
2016-01-06,71197.94,70688.1,71267.13,69713.49,0.01
2016-01-07,71495.93,71197.94,71640.24,69687.85,0
2016-01-08,70613.2,71495.93,72131.92,70407.76,-0.01
2016-01-11,71048.98,70397.28,71621.86,70111.51,0.01
2016-01-12,71740.41,71033.3,72100.1,70516.46,0.01
2016-01-13,72508.72,72106.05,73010.85,72030.21,0.01
2016-01-14,71940.56,72206.4,72651.44,71308.91,-0.01
2016-01-15,71062,71984.02,72274.51,70628.02,-0.01
2016-01-18,71039.68,71463.6,71521.46,70845.24,0
2016-01-19,71073.16,71666.37,71827.39,70786.19,0
2016-01-20,69603.95,70604.62,70785.6,69595.27,-0.02
2016-01-21,68567.89,69657.63,69777.08,68230.47,-0.01
2016-01-22,70243.91,69487.09,70392.47,69255.28,0.02
2016-01-25,70539.01,70761.85,71087.97,70123.01,0
2016-01-26,71808.91,70144.5,71838.7,69925.09,0.02
2016-01-27,72052.86,71819.83,72683.67,71775.15,0
2016-01-28,72427.41,72431.77,72960.91,72320.67,0.01
2016-01-29,73481.09,73122.72,73506.6,73080.24,0.01
2016-02-01,73447.67,73496.15,73514.82,72793.71,0
2016-02-02,72506.16,73651.59,73911.49,72506.16,-0.01
2016-02-03,73267.44,72174.76,73629.82,72015.18,0.01
2016-02-04,74505.36,74150.41,74740.4,73962.86,0.02
2016-02-05,74203.54,74485.66,74767.42,74033.33,0
2016-02-08,72005.24,74457.35,74656.23,72005.24,-0.03
2016-02-09,71415.16,71520.33,71798.27,70373.47,-0.01
2016-02-10,71614.22,71672.1,72249.88,70856.37,0
2016-02-11,70941.65,71116.39,71281.57,69889.81,-0.01
2016-02-12,70937.4,71331.83,71541.79,70895.67,0
2016-02-15,71008.09,71275.31,71566.39,69436.07,0
2016-02-16,70949.22,71586.49,71815.85,70807.45,0
2016-02-17,72805.12,70922.65,72855.79,70653.59,0.03
2016-02-18,73446.47,72709.21,73446.47,72322.33,0.01
2016-02-19,73015.42,73400.95,73455.61,72671.16,-0.01
2016-02-22,74893.9,73656.62,74893.9,73566.4,0.03
2016-02-23,75499.76,74854.64,75923.81,74674.31,0.01
2016-02-24,74067.21,75638.72,75705.44,73916.02,-0.02
2016-02-25,75201.89,74551.7,75504.17,74351.13,0.02
2016-02-26,74929.02,75570.61,76017.39,74835.6,0
2016-02-29,75814.41,74709.59,75954.83,74423.81,0.01
2016-03-01,75955.43,75949.08,76184.62,75642.13,0
2016-03-02,76787.95,76635.66,77096.52,76415.08,0.01
2016-03-03,76828.32,77062.56,77527.33,76466.08,0
2016-03-04,77191.14,76943.53,77191.14,76163.94,0
2016-03-07,77483.85,77349.55,77989.76,77150.42,0
2016-03-08,77682.88,77284.19,78143.92,77157.99,0
2016-03-09,78738.19,77628.86,78738.19,77398.35,0.01
2016-03-10,79024.69,78856.1,79674.05,78505.03,0
2016-03-11,79380.18,79565.89,79613.12,78743.46,0
2016-03-14,80110.88,79203.09,80114.6,79179.92,0.01
2016-03-15,79031.07,80087.19,80091.21,78774.6,-0.01
2016-03-16,79369.24,79168.74,79574.05,78419.53,0
2016-03-17,81377.13,80477.35,81389.27,80396.17,0.03
2016-03-18,82943.44,81482.74,82943.44,81221.19,0.02
2016-03-21,83402.73,82775.57,83523.69,82436.63,0.01
2016-03-22,81766.14,82853.03,82853.03,80983,-0.02
2016-03-23,80383.69,81549.27,81735.04,80171.7,-0.02
2016-03-24,81358.38,80297.44,81389.59,80121.03,0.01
2016-03-25,81356.45,81423.37,81753.38,81289.85,0
2016-03-28,81344.55,81494.08,81731.07,80873.1,0
2016-03-29,81733.62,81716.75,82273.33,81522.9,0
2016-03-30,82917.75,82374.98,83041.35,82299.46,0.01
2016-03-31,83268.04,82917.5,83446.84,82486.84,0
2016-04-01,82359.44,82987.2,83054.63,81931.92,-0.01
2016-04-04,83872.91,82762.54,83872.91,82599.87,0.02
2016-04-05,82964.08,83620.5,83701.04,82465.04,-0.01
2016-04-06,81511.27,82906.1,83026.05,81511.27,-0.02
2016-04-07,81164.66,82008.12,82252.59,81080.72,0
2016-04-08,82502.11,81451.03,82576.11,80884.03,0.02
2016-04-11,83987.53,82630.54,84101.43,82301.42,0.02
2016-04-12,83719.8,83859.36,84429.97,83263.83,0
2016-04-13,85696.67,84151.9,85808.84,84009.16,0.02
2016-04-14,85784.95,85749.81,86254.5,85340.41,0
2016-04-15,85573.25,85970.85,86188.01,84807.93,0
2016-04-18,86343.65,85180.38,86386.7,84997.66,0.01
2016-04-19,86250.97,86607.43,86693.5,85806.74,0
2016-04-20,85550.21,86008.52,86931.34,85271.54,-0.01
2016-04-21,85670.8,85936.57,86450.04,85117.74,0
2016-04-22,85828.66,85847.37,85929.31,85150.63,0
2016-04-25,85109.37,85573.44,85851.23,84984.19,-0.01
2016-04-26,85756.42,85347.24,85938.32,85042.85,0.01
2016-04-27,85374.19,85877.39,86121.04,85291.5,0
2016-04-28,85477.83,85467.41,85676.38,84763.17,0
2016-04-29,85327.8,85525.08,85664.35,84837.94,0
2016-05-02,83829.85,85241.69,85268.59,83811.66,-0.02
2016-05-03,81069.75,84132.89,84290.46,80885.22,-0.03
2016-05-04,79382.62,81000.6,81040.11,79070.14,-0.02
2016-05-05,78698.84,77712.51,79907.82,77519.53,-0.01
2016-05-06,78368.06,78724.89,78800.96,77209.05,0
2016-05-09,79062.1,79031.71,79736.95,78878.87,0.01
2016-05-10,78802.38,79108.78,79465.96,78403.18,0
2016-05-11,79027.81,78906.87,79166.8,78023.3,0
2016-05-12,78304.21,79078.68,79570.21,78246.44,-0.01
2016-05-13,77808.43,77936.24,78597.42,77586.12,-0.01
2016-05-16,76999.7,77959.97,78201.25,76701.16,-0.01
2016-05-17,77277.19,77445.93,77765.26,76449.51,0
2016-05-18,77243.88,77026.29,77574.72,76479.04,0
2016-05-20,76357.74,77209.47,77491.62,76302.44,-0.01
2016-05-23,76765.85,76533.5,76969.29,76207.57,0.01
2016-05-24,79434.6,76526.41,79505.25,76459.51,0.03
2016-05-25,78609.06,79472.58,79941.01,78593.41,-0.01
2016-05-26,78035.63,78313.97,78604.49,77613.53,-0.01
2016-05-27,78028.9,78140.69,78509.43,77801.7,0
2016-05-30,78535.24,77948.05,78868.64,77948.05,0.01
2016-05-31,77803.41,78951.86,79105.57,77803.41,-0.01
2016-06-01,77034.93,77911.71,78042.85,77022.07,-0.01
2016-06-02,76272.1,77271.26,77445.4,76233.8,-0.01
2016-06-03,78139.49,76549.37,78483.87,76486.18,0.02
2016-06-06,78592.83,78520.97,78957.48,78334.72,0.01
2016-06-07,78157.62,78968.39,79419.71,78023.54,-0.01
2016-06-08,78832.65,78364.42,79063.15,77721.56,0.01
2016-06-09,77711.73,78845.09,78953.67,77656.1,-0.01
2016-06-10,76887.29,77703.08,77838.94,76723.22,-0.01
2016-06-13,76534.23,76468.27,76555.98,75385.75,0
2016-06-14,75759.53,76408.47,76615.61,75356.92,-0.01
2016-06-15,76237.35,76304.23,76591.63,76061.72,0.01
2016-06-16,74671.68,75870.37,76088.9,74671.68,-0.02
2016-06-17,75430.53,75347.49,75791.5,74913.95,0.01
2016-06-20,77523.09,76446.18,77528.75,76400.52,0.03
2016-06-21,77531.37,77559.36,78060.6,77317.76,0
2016-06-22,77267.46,77687.03,77999.54,77139.23,0
2016-06-23,77989.87,77550.19,78350.76,77211.05,0.01
2016-06-24,75366,74073.82,75528.64,74016.71,-0.03
2016-06-27,75161.24,75458.45,75907.87,74881.89,0
2016-06-28,76929.34,75855.2,77093.44,75855.2,0.02
2016-06-29,76711.97,76744.17,77386.33,76355.14,0
2016-06-30,76817.19,76916.56,77369.32,76498.71,0
2016-07-01,77952.11,77177.59,77952.11,77177.59,0.01
2016-07-04,78387.7,78120.41,78387.7,78000.11,0.01
2016-07-08,78019.48,78185.44,78347.12,77649.86,0
2016-07-11,79234.95,78626.07,79290.59,78626.07,0.02
2016-07-12,81141.57,79366.26,81141.57,79250.09,0.02
2016-07-13,81321.74,81216.61,81639.14,80917.2,0
2016-07-14,82589.76,81770.18,82699.03,81591.07,0.02
2016-07-15,82825.36,82385.58,82825.36,82234.14,0
2016-07-18,76957.61,80755.89,81110.29,75427.59,-0.07
2016-07-19,76177.82,76220.41,78338.21,75849.84,-0.01
2016-07-20,74902.84,76500.98,76784.46,74597.25,-0.02
2016-07-21,71594.98,74196.73,74196.73,71537.52,-0.04
2016-07-22,71738.43,72728.07,72801.93,70426.16,0
2016-07-25,74174.01,72422.65,74362.34,72395.4,0.03
2016-07-26,73689.43,74774.78,74831.62,73208.68,-0.01
2016-07-27,75075.7,73971.47,75075.7,73758.07,0.02
2016-07-28,75244.06,75482.37,75924.32,74884.09,0
2016-07-29,75405.53,75306.5,75615.35,74473.95,0
2016-08-01,76711.68,76227.87,76843.26,76223.26,0.02
2016-08-02,75803.92,76699.83,76838.47,75788.28,-0.01
2016-08-03,74552.15,75690.45,75818.58,74142.01,-0.02
2016-08-04,76125.64,74764.78,76125.64,74255.08,0.02
2016-08-05,76065.69,76341.9,76745.46,75112.12,0
2016-08-08,77779.1,77413.6,77934.09,76980.66,0.02
2016-08-09,78524.89,77908.15,78824.91,77711.04,0.01
2016-08-10,77955.65,78674.95,78733,77532.03,-0.01
2016-08-11,79033.57,78079.73,79066.73,77763.34,0.01
2016-08-12,78228.56,79301.35,79366.59,78030.8,-0.01
2016-08-15,78472.57,78719.3,79041.41,78244.85,0
2016-08-16,77707.13,78788.11,78911.79,77637.78,-0.01
2016-08-17,78147.82,77799.14,78599.34,77602.24,0.01
2016-08-18,77970.93,78706.54,78880.84,77661.69,0
2016-08-19,78145.59,78003.94,78214.47,77274.08,0
2016-08-22,77953.27,77715.59,78102.37,77436.77,0
2016-08-23,77333.61,78222.21,78292.83,77333.61,-0.01
2016-08-24,76116.31,76290.9,76290.9,75113.56,-0.02
2016-08-25,76789.89,76464.35,77009.15,76442.74,0.01
2016-08-26,77119.65,76731.3,77284.56,76220.05,0
2016-08-29,76118.84,76746.86,76949.6,76075.56,-0.01
2016-08-31,75967.63,76125.93,76517.81,75872.04,0
2016-09-01,75852.8,76199.93,76367.78,75730.88,0
2016-09-02,76884.32,76049.97,76975.47,75973.23,0.01
2016-09-05,77791.6,77332.79,77845.47,77279.72,0.01
2016-09-06,77994.79,77991.45,78195.24,77702.69,0
2016-09-07,77643.18,78210.75,78293.82,77476.75,0
2016-09-08,77843.49,77867.13,78194.84,77447.94,0
2016-09-09,77053.54,77663.68,77753.91,77020.83,-0.01
2016-09-16,76020.29,77141.68,77255.42,76010.4,-0.01
2016-09-19,77670.75,76512,77745.24,76512,0.02
2016-09-20,77313.46,77654.56,77714.49,77014.11,0
2016-09-21,77915.89,77452.65,78136.13,77157.47,0.01
2016-09-22,79795.94,78856.15,79897.91,78781.2,0.02
2016-09-23,79756.44,79790.74,80087.06,79515.5,0
2016-09-26,76725.73,76243.51,76952.35,76148.33,-0.04
2016-09-27,77160.67,76972.34,77483.51,76651.9,0.01
2016-09-28,77677.78,77273.8,77845.52,77216.04,0.01
2016-09-29,77076.8,77807.69,77857.31,76792.82,-0.01
2016-09-30,76488.38,76682.82,76771.03,76170.66,-0.01
2016-10-03,77225.39,76924.12,77444.76,76924.12,0.01
2016-10-04,77057.77,77326.61,77542.11,76899.12,0
2016-10-05,77853.65,76712.85,77970.77,76484.84,0.01
2016-10-06,77894.72,78191.39,78605.55,77842.34,0
2016-10-07,77975.99,78102.03,78500.4,77676.06,0
2016-10-10,77835.29,78296.85,78506.06,77682.75,0
2016-10-11,77643.59,77773.52,77889.55,77280.27,0
2016-10-12,77461.27,77903.57,78099.62,77146.46,0
2016-10-13,76810.31,77469.73,77602.2,76612.52,-0.01
2016-10-14,77554.21,77091.31,77677.29,76756.51,0.01
2016-10-17,77437.58,77418.46,77675.58,76991.21,0
2016-10-18,78340.39,77796.29,78462.3,77796.29,0.01
2016-10-19,79209.85,78675.88,79277.56,78543.54,0.01
2016-10-20,79252.41,79355.32,79541.38,79061.55,0
2016-10-21,78843.66,79310.89,79335.26,78711.75,-0.01
2016-10-24,79932.55,79242.08,80065.22,79204.51,0.01
2016-10-25,79433.31,79914.91,80290.93,79360.31,-0.01
2016-10-26,79397.94,79492.59,79667,79023.84,0
2016-10-27,78739.17,79343.26,79492.54,78641.16,-0.01
2016-10-28,78332.87,78593.06,78736.67,78071.36,-0.01
2016-10-31,78536.17,78558.95,78861.13,78196.52,0
2016-11-01,77428.56,78801.98,78957,77376.53,-0.01
2016-11-02,77171.59,77341.07,77611.94,77155.8,0
2016-11-03,76681.37,77324.88,77554.59,76612.34,-0.01
2016-11-04,74267.17,75805.47,75992.23,74238.81,-0.03
2016-11-07,75681.96,75201.51,75899.94,75201.51,0.02
2016-11-08,76367.79,75646.3,76413.32,75193.41,0.01
2016-11-09,76208.97,74561.69,76259.76,74509.21,0
2016-11-10,76360.36,76881.12,77108.02,76360.36,0
2016-11-11,75174.17,76218,76427.78,75174.17,-0.02
2016-11-14,74419.1,75397.12,75489.95,74292.46,-0.01
2016-11-15,75150.56,74735.19,75309.76,74628.7,0.01
2016-11-16,74759.06,75347.02,75410.56,74399.06,-0.01
2016-11-17,75136.22,74991.46,75688.61,74856.53,0.01
2016-11-18,75638.96,74918.31,75783.93,74495.84,0.01
2016-11-21,75543.57,75880.58,75937.65,75193.53,0
2016-11-22,75811.99,75529.52,76215.84,75415.32,0
2016-11-23,75036.9,76081.01,76173.42,74976.9,-0.01
2016-11-24,74193.07,74972.62,75867.32,74104.58,-0.01
2016-11-25,74363.45,74067.49,74597.99,73752.67,0
2016-11-28,74990.23,74999.68,75332.99,74907.16,0.01
2016-11-29,74205.48,74845.44,75120.1,74197.72,-0.01
2016-11-30,73995.2,74499.72,74561.82,73631.28,0
2016-12-01,72519.85,74059.62,74094.39,72336.02,-0.02
2016-12-02,73390.94,72657.68,73545.28,71792.96,0.01
2016-12-05,73599.7,73068.65,74169.65,73014.12,0
2016-12-06,75433.34,73991.27,75446.11,73991.27,0.02
2016-12-07,76030.78,75434.41,76123.78,75194.11,0.01
2016-12-08,75929.32,76264.87,76458.51,75116.85,0
2016-12-09,75727.28,76116.42,76177.14,75584.76,0
2016-12-12,76239.63,75347.13,76239.63,74908.89,0.01
2016-12-13,76995.27,76532.65,77016.08,76268.7,0.01
2016-12-14,76880.85,76892.95,77109.21,76458.55,0
2016-12-15,77678.59,76325.99,77678.59,76255.84,0.01
2016-12-16,77589.65,77802.82,77904.15,77425.46,0
2016-12-19,77157.79,77741.44,77937.02,77157.79,-0.01
2016-12-20,77807.89,77009.42,77875.02,76883.74,0.01
2016-12-21,77619.47,77988.68,78203.47,77558.5,0
2016-12-22,77404.74,77739.96,77867.05,77251.01,0
2016-12-23,76972.15,77443.4,77588.76,76902.64,-0.01
2016-12-26,77028.47,77086,77257.17,77028.47,0
2016-12-27,76699.41,77164.39,77265.91,76592.74,0
2016-12-28,77547.71,76687.74,77549.13,76514.26,0.01
2016-12-29,77835.85,77504.17,77953.46,77457.89,0
2016-12-30,78138.66,77959.52,78371.86,77765.42,0
2017-01-02,77754.46,77907.2,77969.07,77570.08,0
2017-01-03,76618.2,77866.96,77951.89,76618.2,-0.01
2017-01-04,76143.59,76805.98,77022.24,75836.56,-0.01
2017-01-05,76386.3,76386.39,76808.59,75656.75,0
2017-01-06,77106.57,76259.87,77150.22,76145.05,0.01
2017-01-09,77394.44,76786.9,77634.9,76636.38,0
2017-01-10,77393.69,77195.79,77733.15,77141.69,0
2017-01-11,77666.58,77100.11,77806.91,76650.33,0
2017-01-12,80891.04,77992.42,81090.33,77899.73,0.04
2017-01-13,81524.32,80783,81642.15,80358.94,0.01
2017-01-16,81711.69,81662.45,82160.05,81345,0
2017-01-17,82362.77,82103.4,82540.91,81657.11,0.01
2017-01-18,82779.25,82510.83,82895.24,82119.44,0.01
2017-01-19,82300.32,82964.1,83317.74,82028.44,-0.01
2017-01-20,83067.15,82350.96,83261.99,81997.22,0.01
2017-01-23,83047.8,83429.51,83575.55,82899.81,0
2017-01-24,84207.89,83195.9,84262.23,82880.21,0.01
2017-01-25,83128.26,84129.38,84278.03,82811.15,-0.01
2017-01-26,83826.54,83418.81,84025.3,82922.63,0.01
2017-01-27,83827.39,83578.96,84209.34,83441.56,0
2017-01-30,86237.54,83670.05,86279.77,83650.45,0.03
2017-01-31,86295.72,86293.8,86717.05,85925.1,0
2017-02-01,86847.96,86390.04,86920.13,86000.86,0.01
2017-02-02,87394.19,87166.87,87675.1,86819.3,0.01
2017-02-03,88389.5,87343.04,88389.5,87047.45,0.01
2017-02-06,87357.86,89121.97,89537.82,87339.56,-0.01
2017-02-07,87476.73,87154.8,88075.33,86877.27,0
2017-02-08,88249.08,87598.98,88386.49,87316.37,0.01
2017-02-09,88830.21,88383.01,89005.1,87846.48,0.01
2017-02-10,87473.33,89119.9,89370.08,87318.54,-0.02
2017-02-13,88578.31,87731.52,88814.01,87528.57,0.01
2017-02-14,88082.21,88848.52,88870.62,87504.69,-0.01
2017-02-15,87881.97,88294.26,88539.94,87726.11,0
2017-02-16,88186.86,88246.07,88463.91,87997.5,0
2017-02-17,88830.41,88134.81,88998.41,88069.73,0.01
2017-02-20,88587.66,89458.72,89583.28,88467.94,0
2017-02-21,88965.14,88719.84,89282.6,88719.84,0
2017-02-22,88531.28,88833.26,89095.34,87467.14,0
2017-02-23,89138.37,88851.33,89270.75,88736.6,0.01
2017-02-24,88258.45,89201.95,89242.5,87892.67,-0.01
2017-02-27,87765.41,88416.68,88547.27,87706.04,-0.01
2017-02-28,87478.33,87740.99,88013.41,87244.99,0
2017-03-01,89320.25,87720.11,89344.06,87638.93,0.02
2017-03-02,89933.88,89460.06,90043.28,89417.38,0.01
2017-03-03,89722.05,89853.17,89879.78,89365.33,0
2017-03-06,91044.99,90065.15,91437.77,90065.15,0.01
2017-03-07,90813.61,91380.63,91422.22,90621.31,0
2017-03-08,89484.9,90881.17,90966.81,89136.4,-0.01
2017-03-09,89002.56,89196.22,89493.67,88648.56,-0.01
2017-03-10,89611.4,89331.33,89924.9,89324.34,0.01
2017-03-13,89429.73,89550.55,89674.56,88921.13,0
2017-03-14,89136.53,89572.51,89610.1,89094.66,0
2017-03-15,89445.55,89372.6,90013.81,89372.6,0
2017-03-16,90268.32,90348.34,90828.74,90137.77,0.01
2017-03-17,90491.39,90535.07,90843.67,90102.3,0
2017-03-20,90902.11,90261.59,90902.11,90132.06,0
2017-03-21,90606.46,91185.25,91497,90440.13,0
2017-03-22,89809.09,89982.4,90182.16,89277.36,-0.01
2017-03-23,89764.11,90121.09,90193.63,89601.33,0
2017-03-24,90382.71,89869.45,90382.71,89657.41,0.01
2017-03-27,89695.05,90290.67,90390.33,89514.48,-0.01
2017-03-28,90181.73,90134.82,90338.63,89846.39,0.01
2017-03-29,89269.72,89242.59,89504,88818.56,-0.01
2017-03-30,89282.25,89427.71,89650.83,89112.87,0
2017-03-31,88947.4,89283.98,89573,88886.89,0
2017-04-03,88669.47,89020.47,89069.69,88576.96,0
2017-04-04,88612.55,88058.09,88752.85,87997.7,0
2017-04-05,89037.45,88199.29,89037.45,88129.92,0
2017-04-06,88679.04,88580.47,88895.98,88527.59,0
2017-04-07,88497.33,88364.3,88840.75,88351.21,0
2017-04-10,91240.45,88765.78,91343.07,88730.81,0.03
2017-04-11,90904.49,91303.97,91832.03,90836.38,0
2017-04-12,90952.16,91256.44,91542.83,90952.16,0
2017-04-13,89870.68,91200.73,91284.72,89735.59,-0.01
2017-04-14,90063.69,89680.96,90566.02,89347.46,0
2017-04-17,90653.8,90731.33,90991.91,90052.4,0.01
2017-04-18,91373.78,90472.99,91982.28,90397.15,0.01
2017-04-19,90804.13,91582.84,91888.68,90434.32,-0.01
2017-04-20,92039.38,91165.92,92116.57,91148.08,0.01
2017-04-21,92423.93,92651.7,92909.3,92326.5,0
2017-04-24,93802.81,92920.01,93802.81,92770.72,0.01
2017-04-25,94634.91,94217.43,94634.91,93188.15,0.01
2017-04-26,94522.34,94673.16,95038.98,94284.41,0
2017-04-27,94282.48,94698.43,95196.45,94207,0
2017-04-28,94655.31,94422.8,94965.2,93945.96,0
2017-05-02,94355.91,94994.04,95358.76,94312.01,0
2017-05-03,93862.74,94396.38,94665.22,93655.43,-0.01
2017-05-04,93038.49,93706.99,94073.14,92999.81,-0.01
2017-05-05,93928.39,93113.72,94106.76,93113.72,0.01
2017-05-08,93832.7,94332.63,94530.87,93717.21,0
2017-05-09,95323.38,93845.43,95347.51,93673.29,0.02
2017-05-10,96194.2,95114.65,96194.2,94968.76,0.01
2017-05-11,95114.06,96473.66,96491.03,95015.45,-0.01
2017-05-12,94996.35,95286.52,95742.42,94684.37,0
2017-05-15,95587.75,95569.29,95824.57,95210.18,0.01
2017-05-16,96161.5,96013.55,96357.46,95716.13,0.01
2017-05-17,95724.95,95915.1,96629.15,95396.74,0
2017-05-18,95147.34,95469.52,95628.39,94363.65,-0.01
2017-05-22,96400.03,95855.32,96468.49,95855.32,0.01
2017-05-23,97717.48,96232.85,97776.33,96143.01,0.01
2017-05-24,98313.77,97733.36,98794.9,97700.71,0.01
2017-05-25,97712.94,98200.89,98222.21,97393.69,-0.01
2017-05-26,97533.28,97734.44,97988.15,97177.54,0
2017-05-29,97725.95,97695.45,98181.79,97461.7,0
2017-05-30,97347.63,97830.33,97958.11,97146.88,0
2017-05-31,97541.58,97836,98444.35,97413.41,0
2017-06-01,97365.79,97853.78,97876.17,96925.86,0
2017-06-02,98867.9,98103.23,98867.9,97992.98,0.02
2017-06-05,98191.97,99150.46,99278.08,97859.55,-0.01
2017-06-06,98331.54,98213.47,98556.57,97740.12,0
2017-06-07,97616.52,98449.33,98786.59,97469.8,-0.01
2017-06-08,97977.54,97912.1,98050.22,97552.03,0
2017-06-09,98942.87,98404,99277.11,98404,0.01
2017-06-12,99442.11,98915.05,99707.33,98900.63,0.01
2017-06-13,99299.67,99742.14,100000.79,98887.99,0
2017-06-14,99636.27,99475.96,99920.84,99095.45,0
2017-06-15,98737.01,99180.99,99262.63,98491.92,-0.01
2017-06-16,98192.55,98757.7,99021.94,97930.19,-0.01
2017-06-19,99332.13,98735.95,99332.13,98735.95,0.01
2017-06-20,99269.27,99665.69,99852.93,99041.78,0
2017-06-21,99390.12,99180.29,99651.89,98723.17,0
2017-06-22,100072.15,99800.73,100106.82,99507.85,0.01
2017-06-23,99638.65,100179.71,100265.64,99601.08,0
2017-06-28,100617.69,99439.14,100617.69,99418.58,0.01
2017-06-29,100190.32,100916.76,100990.54,100009.15,0
2017-06-30,100440.39,100032.47,100778.14,99825.56,0
2017-07-03,100522.3,100639.31,100957.78,100438.46,0
2017-07-04,101207.79,100539.08,101245.83,100449.23,0.01
2017-07-05,100744.45,101296.29,101415.68,100744.45,0
2017-07-06,100627.01,100855.3,101331.32,100319.77,0
2017-07-07,100084.37,100718.02,100838.66,100084.37,-0.01
2017-07-10,101097.16,100589.08,101181.37,100589.08,0.01
2017-07-11,103182.64,101134.64,103558.64,101023.19,0.02
2017-07-12,103809.78,103185.72,104283.3,103052.91,0.01
2017-07-13,104210.22,103942.17,104915.14,103773.18,0
2017-07-14,105175.73,104421.49,105199.7,104306.73,0.01
2017-07-17,106217,105362.44,106402.15,105197.99,0.01
2017-07-18,105718.31,106229.89,106244.64,105585.98,0
2017-07-19,107417.52,106144.05,107563.95,106144.05,0.02
2017-07-20,106735.56,107608.63,107749.8,106628.48,-0.01
2017-07-21,106842.79,106471.47,107186.62,106050.82,0
2017-07-24,106710.52,107212.89,107508.34,106574.94,0
2017-07-25,107040.67,107077.93,107519.93,106957.46,0
2017-07-26,107206.16,107205.85,107587.95,107008.14,0
2017-07-27,108391.71,107807.78,108605.51,107807.78,0.01
2017-07-28,107699.72,108298.8,108298.8,107577.27,-0.01
2017-07-31,107531.44,107920.55,108183.81,107388.12,0
2017-08-01,106147.43,107884.99,107998.81,106092.39,-0.01
2017-08-02,106525.44,106343.24,106839.12,105975.96,0
2017-08-03,107153.78,107067.46,107394.95,106892.69,0.01
2017-08-04,108545.31,107315.23,108648.59,107286.89,0.01
2017-08-07,109781.13,109105.09,109947.87,109105.09,0.01
2017-08-08,109639.12,110009.69,110321.81,109434.23,0
2017-08-09,108714.58,109317.16,109317.16,108497.2,-0.01
2017-08-10,107800.42,108935.13,109415.18,107800.42,-0.01
2017-08-11,106963.1,107403.75,107533.57,106075.51,-0.01
2017-08-14,109537.36,107906.98,109608.15,107906.98,0.02
2017-08-15,106913.26,110014.51,110232.52,106913.26,-0.02
2017-08-16,106861.99,107122.72,107924.49,104939.35,0
2017-08-17,106825.33,107409.75,107675.82,106412.35,0
2017-08-18,107202.43,106389.74,107268.63,105921.65,0
2017-08-21,108614.87,107234.84,108877.95,106800.3,0.01
2017-08-22,108594.45,108984.28,109247.44,108325.53,0
2017-08-23,108952.73,108727.43,109247.63,108645.13,0
2017-08-24,109153.91,109188.43,110133.24,109027.59,0
2017-08-25,109755.14,109224.21,110229.95,109060.96,0.01
2017-08-28,110339.99,110175.25,110530.75,109931.47,0.01
2017-08-29,110423.11,110224.81,110423.11,109444.68,0
2017-08-31,110010.49,110482.17,110517.63,109953.97,0
2017-09-05,108872.99,110349.12,110439.71,108736.27,-0.01
2017-09-06,109611.79,108964.74,109873.2,108637.31,0.01
2017-09-07,109742.95,109611.68,110104.38,109157.85,0
2017-09-08,108451.7,109849.86,109997.24,108117.35,-0.01
2017-09-11,109458.01,109029.29,109865.22,108957.76,0.01
2017-09-12,109129.65,109573.37,109735.43,108691.06,0
2017-09-13,108155.53,109148.61,109501.78,108155.53,-0.01
2017-09-14,108244.22,108264.93,108793.45,107448.99,0
2017-09-15,107741.7,108342.87,108534.6,107741.7,0
2017-09-18,106534.6,108016.93,108073.9,106534.6,-0.01
2017-09-19,104917.77,106510.62,106733.24,104620.42,-0.02
2017-09-20,105323.67,105292.05,105592.58,104578.75,0
2017-09-21,104001.2,105000.94,105426.4,103836.85,-0.01
2017-09-22,104122.85,104458.73,104713.71,103411.76,0
2017-09-25,102270.17,103676.77,103676.77,101752.02,-0.02
2017-09-26,103929.33,102848.74,104136.81,102409,0.02
2017-09-27,101218.3,103933.24,104035.68,101218.3,-0.03
2017-09-28,102651.1,101150.18,102936.96,100987.15,0.01
2017-09-29,102907.73,103038.58,103319.95,102242.85,0
2017-10-02,103930.67,102934.43,104063.09,102883.46,0.01
2017-10-03,103907.57,103997.85,104488.23,103421.73,0
2017-10-04,104547.86,104274.74,104911.57,104095.19,0.01
2017-10-05,104334.31,104795.51,105047.74,104203.91,0
2017-10-06,104137.48,104177.92,104237.95,103544.11,0
2017-10-09,101298,100324.38,101298,99210.33,-0.03
2017-10-10,103394,102494.09,103575.97,102197.96,0.02
2017-10-11,103816.04,103145.23,104736.35,102786.56,0
2017-10-12,105932.25,105045.25,105932.25,104586.39,0.02
2017-10-13,106225.69,106098.79,106598.53,105339.86,0
2017-10-16,106474.46,106554.6,107010.04,106088.29,0
2017-10-17,106990.87,106668.06,107678.02,106571.04,0
2017-10-18,106926.39,107484.62,107579.49,106730.67,0
2017-10-19,108433.55,107404.02,108455.75,107232.94,0.01
2017-10-20,108488.69,108760.43,109273.03,107917.65,0
2017-10-23,107303.25,108167.46,108167.46,107303.25,-0.01
2017-10-24,107206.31,107603.44,107994.88,107134.29,0
2017-10-25,108354.83,107560.48,108485.74,107560.48,0.01
2017-10-26,107334.78,108293.18,108847.46,107334.78,-0.01
2017-10-27,107884.03,107096.47,108075.75,106932.14,0.01
2017-10-30,108466.78,108781.76,109074.79,108294.5,0.01
2017-10-31,110142.6,108722.36,110142.6,108492.88,0.02
2017-11-01,113024.27,110512.91,113501.91,110225.51,0.03
2017-11-02,112994.86,114258.03,114539.84,112609.73,0
2017-11-03,111292.78,113069.82,113488.66,110576.02,-0.02
2017-11-06,114165.67,111914.24,115093.34,111767.34,0.03
2017-11-07,112271.86,114441.9,114665.48,112271.86,-0.02
2017-11-08,111894.54,112848.23,113018.07,110758.69,0
2017-11-09,110246.46,112210.27,112498.41,109919.46,-0.01
2017-11-10,108949.35,110473.12,110661.95,108712.63,-0.01
2017-11-13,108859.62,109638.06,109888.78,108011.01,0
2017-11-14,110148.45,108952.17,110686.5,108160.41,0.01
2017-11-15,107716.51,109997.66,110705.28,107710.33,-0.02
2017-11-16,106976.67,108028.81,108928.21,106815.23,-0.01
2017-11-17,106239.46,107468.48,107686.28,105624.3,-0.01
2017-11-20,103911.94,106399.34,106399.34,103600.61,-0.02
2017-11-21,105267.8,103146.15,105440.42,103016.49,0.01
2017-11-22,105963.6,105356.67,106145.09,103677.37,0.01
2017-11-23,105026.11,106381.63,106946.86,104657.32,-0.01
2017-11-24,104539.41,104720.76,105290.64,104304.87,0
2017-11-27,104759.74,104787.4,105558.22,104066.86,0
2017-11-28,102068.03,104687.19,106180.68,102068.03,-0.03
2017-11-29,102341.83,102291.49,103089.6,101490.73,0
2017-11-30,103984.39,102995.13,104260.6,102590.86,0.02
2017-12-01,103558.98,103911.39,104209.61,103095.12,0
2017-12-04,105214.87,103350.58,105274.94,103350.58,0.02
2017-12-05,106259.99,105889.01,106766,105220.59,0.01
2017-12-06,105303.94,106431.77,106725.18,105078.66,-0.01
2017-12-07,106447.54,105580.72,106786.06,105160.18,0.01
2017-12-08,107921.34,106819.09,108182.2,106625.33,0.01
2017-12-11,109156.47,108788.52,109341.7,108457.59,0.01
2017-12-12,109049.5,109084.78,109463.71,108266.7,0
2017-12-13,108153.16,109281.08,109592.58,107851.65,-0.01
2017-12-14,109666.44,108971.01,109958.49,108045.48,0.01
2017-12-15,109330.17,109578.35,110050.72,108927.25,0
2017-12-18,110247.89,109812.25,110836.58,109786.39,0.01
2017-12-19,110177.11,110489.12,111167.36,110177.11,0
2017-12-20,110454.67,110233.66,110785.69,109628.27,0
2017-12-21,111271.95,110804.99,111861.46,110784.95,0.01
2017-12-22,111099.47,111893.91,112156.74,111005.82,0
2017-12-25,111765,111705.21,112005.23,111391.49,0.01
2017-12-26,112006.65,112130.62,112261.1,111664.77,0
2017-12-27,112149.71,111862.16,112226.12,111445.86,0
2017-12-28,114480.45,112514.1,114542.37,112514.1,0.02
2017-12-29,115333.01,114708.39,115840.17,114378.25,0.01
2018-01-02,117524.2,115734.5,117724.22,115626.12,0.02
2018-01-03,116052.15,117738.99,118395.13,115780.24,-0.01
2018-01-04,115491.19,116068.6,117258.87,115152.31,0
2018-01-05,116637.94,116159.12,117184.5,115950.69,0.01
2018-01-08,116304.51,117514.33,117783.7,116228.63,0
2018-01-09,115022.81,116311.36,116647.17,114942.05,-0.01
2018-01-10,113589.45,114812.31,114856.57,112884.4,-0.01
2018-01-11,114718.8,114329.36,114718.8,113057.57,0.01
2018-01-12,114644.62,115062.79,115718.72,114561.55,0
2018-01-15,112159.21,114286.27,115452.85,112159.21,-0.02
2018-01-16,114418.36,111708.37,114475.48,111107.44,0.02
2018-01-17,116592.51,114429.64,116630.19,113705.83,0.02
2018-01-18,116856.02,117145.91,117758.87,116157.07,0
2018-01-19,115147.06,116724.07,117064.57,114926.12,-0.01
2018-01-22,117235.47,115639.18,117246.16,115288.81,0.02
2018-01-23,118400.06,117843.57,118955.83,117495.32,0.01
2018-01-24,119648.37,118477.3,119672.98,118148.47,0.01
2018-01-25,118604.05,119677.05,120320.47,118587.25,-0.01
2018-01-26,120701.92,118947.05,120701.92,118871.97,0.02
2018-01-29,120845.29,121341.2,121531.5,119397.98,0
2018-01-30,119303.1,120214.14,120948.62,119303.1,-0.01
2018-01-31,119528.79,119671.6,120361.12,119235.65,0
2018-02-01,119044.38,120016.04,120893.98,118659.42,0
2018-02-02,118119.4,119334.49,119585.23,117792.69,-0.01
2018-02-05,116852.68,117724.57,118121.16,116587.68,-0.01
2018-02-06,115457.3,114296.68,115892.76,113875.72,-0.01
2018-02-07,115570.19,116252.04,116515.71,115392.1,0
2018-02-08,114263.53,115874.93,116055.18,113891.82,-0.01
2018-02-09,113590.27,113146.05,114212.15,112503.82,-0.01
2018-02-12,114821.6,114593.06,115415.5,114524.22,0.01
2018-02-13,114494.5,115317.81,115670.07,114430.63,0
2018-02-14,113454.95,115328.89,115606.55,113248.77,-0.01
2018-02-15,116225.6,114641.74,116298.6,114641.74,0.02
2018-02-16,116510.97,116822.9,117517.62,115960.35,0
2018-02-19,115881.96,117074.69,117521.98,115457.4,-0.01
2018-02-20,113432.85,116286.98,116926.82,113267.97,-0.02
2018-02-21,116315.98,115021.06,116315.98,114748.59,0.03
2018-02-22,116840.94,116138.1,116993.45,115408.54,0
2018-02-23,117521.5,117439.65,117854.17,117033.94,0.01
2018-02-26,118791.91,118294.74,118912.52,118221,0.01
2018-02-27,118831.6,119033.75,119216.83,118460.35,0
2018-02-28,118950.76,118428.11,119245.29,118314.32,0
2018-03-01,117632.07,118629.7,119114.52,117398.69,-0.01
2018-03-02,116859.19,117323.03,117590.27,116265.23,-0.01
2018-03-05,116946.22,117033,117530.9,116591.88,0
2018-03-06,116709.93,117573.86,117720.2,116668.75,0
2018-03-07,116842.44,116330.76,116989.38,115929.73,0
2018-03-08,116567.08,116962.34,117395.54,116520.12,0
2018-03-09,116914.52,116927.3,117240.05,116495.41,0
2018-03-12,118411.44,117703.96,118787.06,117703.96,0.01
2018-03-13,118266.86,118527.75,118610.93,117668.68,0
2018-03-14,117592.67,118321.95,118978.24,117408.58,-0.01
2018-03-15,117201.54,117978.51,118149.33,117030.89,0
2018-03-16,117216.28,117611.34,117853.1,116829.39,0
2018-03-19,115450.26,117175.22,117207.94,115391.06,-0.02
2018-03-20,116431.78,116033.32,116727.53,115082.91,0.01
2018-03-21,117651.3,116613.26,117795.14,116481.13,0.01
2018-03-22,117110.25,118375.16,118589.72,117072.02,0
2018-03-23,116602.82,115914.31,116871.42,115559.53,0
2018-03-26,116420.34,117125.86,117549.73,116349.24,0
2018-03-27,116196.54,117599.23,117787.79,116196.54,0
2018-03-28,114129.3,115687.22,116024.73,113858.73,-0.02
2018-03-29,114844.56,113809.51,115084.12,113426.21,0.01
2018-03-30,114930.22,115534.41,115872.3,114695.72,0
2018-04-02,114442.1,115216.63,115390.46,114442.1,0
2018-04-03,114594.06,114290.44,114924.28,114019.6,0
2018-04-04,113975.62,114812.33,114893.85,113281.87,-0.01
2018-04-05,114947.58,114302.99,115318.94,114032.13,0.01
2018-04-06,114737.54,114645.67,115279.36,114284.69,0
2018-04-09,113156.08,115425.57,115465.01,112510.91,-0.01
2018-04-10,110712.7,113475.58,113524.6,110007.82,-0.02
2018-04-11,109253.2,110293.86,111534.67,106624.09,-0.01
2018-04-12,110235.41,109211.46,110354.67,108305.07,0.01
2018-04-13,109604.01,110715.29,110792.78,108981.13,-0.01
2018-04-16,110687.74,109860.89,111115.77,109850.8,0.01
2018-04-17,108744.79,111451.85,111620.98,108001.08,-0.02
2018-04-18,112099.01,108618.32,112099.01,107439.14,0.03
2018-04-19,112122.15,112111.56,112406.55,111597.37,0
2018-04-20,110932.48,111956.73,111973.26,110678.03,-0.01
2018-04-24,110058.62,110630.37,110851.33,109787.46,-0.01
2018-04-25,107401.38,110376.18,110520.51,106760.7,-0.02
2018-04-26,107015.13,107892.39,108224.92,106277.96,0
2018-04-27,107614.27,107228.7,108199.54,106669.95,0.01
2018-04-30,104282.78,107940.24,108170.76,103750.47,-0.03
2018-05-02,104725.74,104815.39,105332.31,102934.42,0
2018-05-03,102909.13,104734.98,104915.15,102629.74,-0.02
2018-05-04,102599.22,102794.16,103425.74,101548.55,0
2018-05-07,100866.24,102575.19,102759.76,100599.05,-0.02
2018-05-08,99363.79,101354.67,101536.56,98904.07,-0.01
2018-05-09,100780.57,98727.15,101647.29,97849.2,0.01
2018-05-10,102380.68,101236.81,102380.68,99318.22,0.02
2018-05-11,101852.48,102467.96,102877.36,101232.97,-0.01
2018-05-14,103370.42,101738.2,103762.98,101564.56,0.01
2018-05-15,101540.39,102264.89,103026.71,101221.14,-0.02
2018-05-16,102157.88,101611.97,102794.66,100654.84,0.01
2018-05-17,101869.35,102611.06,102713.9,101561.1,0
2018-05-18,102410.3,102033.23,102884.67,101886.87,0.01
2018-05-21,102257.65,102166.51,103317.88,101893.13,0
2018-05-22,103327.74,102718.04,103769.84,102262.26,0.01
2018-05-23,101891.68,102806.37,103490.3,101419.87,-0.01
2018-05-24,101138.08,103027.12,103758.63,100888.77,-0.01
2018-05-25,103200.08,101786.2,103349.16,101321.6,0.02
2018-05-28,106525.25,104481.11,106525.25,104416.43,0.03
2018-05-29,105113.38,105930.26,105930.26,104286.93,-0.01
2018-05-30,103869.02,104979.24,105785.2,103639.48,-0.01
2018-05-31,100652.27,104264.4,104375.3,100579.79,-0.03
2018-06-01,99171.21,100706.76,100792.52,97990.64,-0.01
2018-06-04,99249.8,99264.37,100510.33,98937.91,0
2018-06-05,97823.15,99600.41,99908.51,97665.35,-0.01
2018-06-06,96657.71,98269.59,98361.79,95126.49,-0.01
2018-06-07,98623.65,96442.26,98795.28,96070.16,0.02
2018-06-08,95875.71,98190.74,98190.74,95624.99,-0.03
2018-06-11,96661.36,95922.27,97186.54,93396.54,0.01
2018-06-12,95306.98,96473.53,96783.19,94950.58,-0.01
2018-06-13,93504.76,94825.54,95608.54,93337.28,-0.02
2018-06-14,94540.84,93295.87,95406.17,92750.94,0.01
2018-06-18,93043.28,94235.9,94235.9,92720.87,-0.02
2018-06-19,94436.87,92597.62,94743.17,92288.59,0.02
2018-06-20,94551.86,94296.01,95246.72,93719.11,0
2018-06-21,95057.23,94590.32,95398.26,94324.33,0.01
2018-06-22,95852.11,95517.18,96186.76,94451.46,0.01
2018-06-25,94008.29,99255.76,99394.05,93365.45,-0.02
2018-06-26,94408.19,94077.94,95101.48,93807.74,0
2018-06-27,95954.8,94432.93,96187.31,94292.57,0.02
2018-06-28,96226.99,95807.3,96993.23,95486.95,0
2018-06-29,96520.07,96827.2,97500.05,96230.08,0
2018-07-02,96773.49,96094.44,97267.3,95654.92,0
2018-07-03,96588.2,97027.91,97445.82,96450.39,0
2018-07-04,97230.07,96795.51,97455.05,96392.09,0.01
2018-07-05,99097,97559.72,99264.8,97559.72,0.02
2018-07-06,98733.89,99301.48,99806.42,98109.88,0
2018-07-09,99252.84,99596.1,100807.75,98732.98,0.01
2018-07-10,96274.69,97650.95,98466.18,95851.25,-0.03
2018-07-11,91289.47,95281.65,95281.65,91215.9,-0.05
2018-07-12,89571.25,91729.43,92466.45,88168.89,-0.02
2018-07-13,89897.67,89998.6,91021.31,89317.48,0
2018-07-16,89744.01,90683.46,91044.33,89165.56,0
2018-07-17,91629.55,89818.36,91638.27,89767.93,0.02
2018-07-18,92321.95,91722.16,92455.97,90420.97,0.01
2018-07-19,93002.93,92752.3,93295.81,92193.47,0.01
2018-07-20,94082.34,93268.93,94169.41,92787.17,0.01
2018-07-23,95305.15,94173.46,96035.55,94173.46,0.01
2018-07-24,92133.82,95524.43,95567.9,91722.71,-0.03
2018-07-25,95368.59,92382.48,95763.59,92165.26,0.04
2018-07-26,94817.26,95776.31,96680.76,93537.11,-0.01
2018-07-27,95584.84,94902.91,95977.33,94444.54,0.01
2018-07-30,96157.74,95340.39,96269.35,94921.11,0.01
2018-07-31,96952.23,95942.24,97231.61,95794.28,0.01
2018-08-01,97210.57,97121.83,97409.55,96245.44,0
2018-08-02,94543.27,95518.18,95518.18,94153.27,-0.03
2018-08-03,95610.48,94483.4,96064.3,94483.4,0.01
2018-08-06,94173.97,95290.46,95500.84,93568.43,-0.02
2018-08-07,96161.04,94585.23,96420.63,94369.28,0.02
2018-08-08,96973.85,96327.25,97260.43,95969.57,0.01
2018-08-09,97185.13,95661.64,98743.89,95408.69,0
2018-08-10,94939.63,95603.35,97810.06,88598.12,-0.02
2018-08-13,92684.55,93869.51,93869.51,88432.64,-0.02
2018-08-14,93418.65,94689.43,95299.14,92810,0.01
2018-08-15,90262.95,95040.93,95245,90131.54,-0.03
2018-08-16,87143.21,91492.77,91568.57,87143.21,-0.03
2018-08-17,88734.76,86602.24,88764.19,84654.5,0.02
2018-08-20,90185.99,88984.52,90476.48,88938.61,0.02
2018-08-27,91284.04,90921.33,91284.04,89999.2,0.01
2018-08-28,93866.94,91274.5,93974.61,90991.6,0.03
2018-08-29,93280.71,93316.96,94279.73,92760.43,-0.01
2018-08-31,92723.4,93450.11,93658.24,92132.88,-0.01
2018-09-03,93915.55,92291.29,94656.05,92205.55,0.01
2018-09-04,93189.27,94254.45,94589.11,92915.43,-0.01
2018-09-05,92790.99,93100.27,93719.45,92370.79,0
2018-09-06,92763.31,93121.74,94166.24,92763.31,0
2018-09-07,93274.15,93170.94,93675.91,92538.54,0.01
2018-09-10,91698.34,93532.9,93662.58,91698.34,-0.02
2018-09-11,92389.11,91874.43,92748.37,91450.29,0.01
2018-09-12,92227.37,92836.31,93552.53,91923.82,0
2018-09-13,94419.15,92257.88,94610.38,91206.17,0.02
2018-09-14,94759.64,95319.78,96298.9,94377.04,0
2018-09-17,94347.66,94477.37,95105.03,93790.14,0
2018-09-18,94886.87,94735.52,95374.88,94538.06,0.01
2018-09-19,96603.75,95480.32,96722.73,95272.19,0.02
2018-09-20,96121.1,97013.71,97387.93,95522.86,-0.01
2018-09-21,97988.16,96598.78,97988.16,96598.78,0.02
2018-09-24,99547.44,98284.19,99561.95,97781.97,0.02
2018-09-25,99292.47,100096.8,100180.97,98636.32,0
2018-09-26,99148.85,99512.49,99773.34,98147.61,0
2018-09-27,100298.73,99083.9,100637.69,98934.15,0.01
2018-09-28,99956.9,100427.37,100473.01,99173.71,0
2018-10-01,98537.15,100075.2,100646.97,98537.15,-0.01
2018-10-02,98160.73,98427.55,98713.72,97373.76,0
2018-10-03,97187.87,98204.51,98698.57,96944.51,-0.01
2018-10-04,94496.8,97043.02,97071.76,94496.8,-0.03
2018-10-05,94883.47,94354.64,95025.95,93169.15,0
2018-10-08,96087.27,94132.17,96231.73,93816.94,0.01
2018-10-09,96731.76,96451.28,97100.26,95536.85,0.01
2018-10-10,94440.69,97070.15,97168.89,94440.69,-0.02
2018-10-11,94747.53,93924.67,95117.23,93480.39,0
2018-10-12,96657.42,95695.39,97168.78,93389.22,0.02
2018-10-15,98631.27,97346.96,99037.88,97346.96,0.02
2018-10-16,98466.42,98573.87,99224.28,97906.63,0
2018-10-17,98991.01,99223.27,99553.94,98069.7,0.01
2018-10-18,97453.96,98987.52,99173.03,97191.47,-0.02
2018-10-19,96454.57,97819.88,97933.48,96335.38,-0.01
2018-10-22,94681.7,97215.75,97406.25,94681.7,-0.02
2018-10-23,93468.99,94080.42,94442.93,92344.89,-0.01
2018-10-24,92692.17,93887.71,94158.57,92692.17,-0.01
2018-10-25,93747.65,92272.08,93765.56,91958.23,0.01
2018-10-26,90541.53,93973.23,94036.49,90541.53,-0.03
2018-10-30,89999.9,90883.69,91387.01,88564.44,-0.01
2018-10-31,90200.71,90444.83,91926.87,89277.99,0
2018-11-01,92387.41,90253.58,92440.92,89950.14,0.02
2018-11-02,94123.02,92478.02,94570.59,92478.02,0.02
2018-11-05,95947.73,94523.72,95947.73,93812.96,0.02
2018-11-06,94727.67,96146.78,96282.05,94163.78,-0.01
2018-11-07,95493.3,94648.02,96046.74,94262.05,0.01
2018-11-08,93506.22,95521.71,95641.8,93258.07,-0.02
2018-11-09,92839.21,93297.72,93697.88,92127.06,-0.01
2018-11-12,91445.28,93005.79,93695.34,91445.28,-0.02
2018-11-13,92708.56,91532.34,93094.93,91297.67,0.01
2018-11-14,93287.16,92530.56,93691.34,91945.76,0.01
2018-11-15,93296.84,93523.34,94002.47,92695.3,0
2018-11-16,93616.45,93785.9,94308.29,92743.88,0
2018-11-19,94570.9,93568.15,94602.73,93568.15,0.01
2018-11-20,91686.35,94279.75,94391.73,91545.81,-0.03
2018-11-21,92707.95,92021.5,92707.95,91559.38,0.01
2018-11-22,92628.8,92743.34,92940.04,91883.27,0
2018-11-23,93003.27,92581.57,93003.27,92028.74,0
2018-11-26,93962.35,93521.69,94435.84,93455.3,0.01
2018-11-27,93516.96,93904.85,94104.46,93043.02,0
2018-11-28,94070.97,93756.33,94673.35,93756.33,0.01
2018-11-29,95125.57,94963.22,95544.59,94827.33,0.01
2018-11-30,95416.03,95164.5,95416.03,94527.68,0
2018-12-03,94974.45,96366.96,96829.78,94974.45,0
2018-12-04,93880.49,94649.89,95550.47,93530.35,-0.01
2018-12-05,93970.16,93047.56,94197.86,92847.71,0
2018-12-06,92827.29,93506.84,93866.56,92375.25,-0.01
2018-12-07,93699.49,93521.18,93807.04,93149.26,0.01
2018-12-10,92227.32,93245.87,93453.7,92217.54,-0.02
2018-12-11,91800.86,92449.6,92704.03,91609.96,0
2018-12-12,90051.1,92136.13,92326.51,89956.78,-0.02
2018-12-13,91386.52,90518.87,91443.11,90432.32,0.01
2018-12-14,90528.64,91072.14,91201.04,89337.5,-0.01
2018-12-17,89961.91,90595.64,90995.42,89933.04,-0.01
2018-12-18,91074.11,89695.14,91074.11,89567.01,0.01
2018-12-19,92552.71,91316.41,92583.49,91087.89,0.02
2018-12-20,91854.08,91864.24,92425.16,91331.54,-0.01
2018-12-21,91860.75,91777.54,92222.35,90916.29,0
2018-12-24,91526.9,92138.85,92435.66,91515.62,0
2018-12-25,90829.57,90980.02,91206.48,90469.86,-0.01
2018-12-26,91002.17,91121.22,91393.91,90687.46,0
2018-12-27,90974.79,91793.23,91911.56,90762.84,0
2018-12-28,90435.33,91174.09,91495.36,90107.39,-0.01
2018-12-31,91270.48,90675.11,91338.37,90323.93,0.01
2019-01-02,88865.01,90986.13,90986.13,88650.37,-0.03
2019-01-03,87399.02,88375.86,89544.58,87399.02,-0.02
2019-01-04,88830.82,87894.19,89121.11,87894.19,0.02
2019-01-07,89951.09,89444.74,90227.88,89280.82,0.01
2019-01-08,90696.97,90247.86,90776.12,89362.4,0.01
2019-01-09,91156.88,91031.58,91419.37,90591.41,0.01
2019-01-10,91196.31,91226.4,91845.79,90694.7,0
2019-01-11,91687.04,91503.26,92028.48,91262.53,0.01
2019-01-14,92053.84,90825.39,92053.84,90388.37,0
2019-01-15,93173.27,92627.61,93303.16,92478.4,0.01
2019-01-16,95411.49,93365.15,95440.55,93023.46,0.02
2019-01-17,96817.36,95499.76,97354.93,95161.25,0.01
2019-01-18,98454.88,97192.9,98662.21,97046,0.02
2019-01-21,97955.16,98627.47,99828.65,97634.93,-0.01
2019-01-22,99677.11,97990.9,99677.11,97856.07,0.02
2019-01-23,100141.04,99737.52,100488.14,99059.93,0
2019-01-24,101774.29,100453.78,101774.29,100314.69,0.02
2019-01-25,101801.42,102122.88,102319.92,101199.61,0
2019-01-28,101289.75,101822.8,102807.49,101240.45,-0.01
2019-01-29,104098.37,101358.82,104098.37,101077.08,0.03
2019-01-30,104189.45,104154.24,104793.06,103549.86,0
2019-01-31,104074.22,105478.09,105930.24,103408.84,0
2019-02-01,102937.14,104061.03,104371.52,102648.13,-0.01
2019-02-04,102255.01,103078.49,103554.46,101988.67,-0.01
2019-02-05,102448.42,102765.06,103852.06,101755.58,0
2019-02-06,102584.26,102899.19,103089.18,101620.48,0
2019-02-07,102784.03,102752.83,102937.16,101945.35,0
2019-02-08,102451.74,102494.86,102742.42,102119.23,0
2019-02-11,104394.73,103287.56,104656.55,103280.41,0.02
2019-02-12,103762.46,104652.83,104977.36,103364.53,-0.01
2019-02-13,101645.82,104338.99,104455.1,101645.82,-0.02
2019-02-14,102129.99,101923.55,102616.62,100749.57,0
2019-02-15,102715.01,102070.89,102978.44,101186.64,0.01
2019-02-18,101728.51,102866.81,103131.15,101728.51,-0.01
2019-02-19,101742.14,101845.16,101978.94,100713.11,0
2019-02-20,101971.29,101990.37,102542.96,101618.1,0
2019-02-21,102494.03,102033.9,102893.49,101695.35,0.01
2019-02-22,103185.7,102839.75,103468.1,102612.01,0.01
2019-02-25,104330.06,103874.99,105145.89,103874.99,0.01
2019-02-26,105082.31,104261.34,105082.31,103941.87,0.01
2019-02-27,104141.04,105117.48,105269.35,104117.24,-0.01
2019-02-28,104529.93,104247.57,105069.55,104127.99,0
2019-03-01,103266.58,104689.85,104832.92,102956.65,-0.01
2019-03-04,104193.33,103564.09,104617.02,103475.19,0.01
2019-03-05,103730.59,103933.61,104832.15,103459.76,0
2019-03-06,103452.85,104026.09,104866.55,103365.09,0
2019-03-07,102282.68,103853.59,104194.2,102263.98,-0.01
2019-03-08,101538.28,102337.33,102463.66,100873.61,-0.01
2019-03-11,100850.42,101886.95,102342.81,100651.72,-0.01
2019-03-12,101721.05,101465.13,102068.65,100919.22,0.01
2019-03-13,102196.57,101820.81,102532.3,101142.96,0
2019-03-14,102432.29,102298.21,102785.75,102009.57,0
2019-03-15,103304.05,102890.87,103380.35,102643.54,0.01
2019-03-18,104594.66,103785.14,104882.8,103785.14,0.01
2019-03-19,104861.64,104664.14,105929.13,104154.43,0
2019-03-20,103310.21,104806.63,105098.82,103181.19,-0.01
2019-03-21,103407.79,103836.04,104248.31,102534.12,0
2019-03-22,99835.31,103653.49,103755.75,99652.38,-0.03
2019-03-25,99325.92,100027.45,100381.74,98367.09,-0.01
2019-03-26,97378.58,99990.45,100260.14,97153.89,-0.02
2019-03-27,91855.14,97820.68,97998.39,90523.89,-0.06
2019-03-28,92120.33,91181.61,93744.34,90776.82,0
2019-03-29,93784.18,92499.04,94246.97,91904.36,0.02
2019-04-01,94101.28,93908.43,95117.54,91864.5,0
2019-04-02,93533.12,93635.07,95352.16,93132.28,-0.01
2019-04-03,94441.1,94158.59,94891.28,94041.46,0.01
2019-04-04,98336.85,94477.87,98336.85,94297.26,0.04
2019-04-05,98783.36,98963.19,99214.08,97422.19,0
2019-04-08,96978.32,98978.89,99076.85,96735.63,-0.02
2019-04-09,98135.3,97956.66,98748.33,97496.9,0.01
2019-04-10,97015.02,98404.68,98456.13,96912.48,-0.01
2019-04-11,96072.99,97227.16,97530.85,96021.82,-0.01
2019-04-12,95976.82,95721.69,96168.46,95028.49,0
2019-04-15,95191.67,95760.29,96531.39,95191.67,-0.01
2019-04-16,96809,95676.89,97102.07,95676.89,0.02
2019-04-17,98203.2,97347.38,98661.99,97297.72,0.01
2019-04-18,96886.48,97911.9,97912.1,96623.69,-0.01
2019-04-19,96861.42,97081.97,97293.09,96737.49,0
2019-04-22,95952.77,96389.79,96452.29,95899.48,-0.01
2019-04-24,96142.18,95821.42,96537.15,95821.42,0
2019-04-25,94498.54,96351.05,96457.08,93891.66,-0.02
2019-04-26,94783.14,94886.81,95144.78,94046.19,0
2019-04-29,94535.1,95039.78,95113.87,94236.73,0
2019-04-30,95415.57,94736.05,95730.16,94736.05,0.01
2019-05-02,94179.37,95729.8,96050.48,93919.69,-0.01
2019-05-03,93946.08,94245.42,94395.92,93475.69,0
2019-05-06,92982.27,93026.37,93076.15,91541.17,-0.01
2019-05-07,91482.45,90801.28,91926.73,90698.17,-0.02
2019-05-08,90272.19,90767.72,91600.57,89734.38,-0.01
2019-05-09,88685.88,90312.49,90696.56,88647.56,-0.02
2019-05-10,88533.4,89480.41,89855.5,88315.54,0
2019-05-13,86282.54,88628.65,88740.71,85446.61,-0.03
2019-05-14,88022.94,86615.43,88022.94,86044.32,0.02
2019-05-15,87380.43,88069.99,88115.72,86043.09,-0.01
2019-05-16,87203.85,87664.5,88530.48,87088.36,0
2019-05-17,86796.06,86944.89,87518.58,86551.69,0
2019-05-20,86771.47,86894.95,87116.42,86520.6,0
2019-05-21,85309.58,86943.35,87153.69,84976.62,-0.02
2019-05-22,83675.33,85041.93,85580.29,83675.33,-0.02
2019-05-23,84596.16,83535.32,84711.77,83535.32,0.01
2019-05-24,86072.28,84989.23,86496.3,84985.93,0.02
2019-05-27,85545.4,86505.55,86945.23,85309.68,-0.01
2019-05-28,86777.63,86099.52,87728.76,86099.52,0.01
2019-05-29,87186.3,86932.7,87769.41,86558.76,0
2019-05-30,90011.62,88032.19,90011.62,88032.19,0.03
2019-05-31,90589.73,89824.79,90589.73,88975.13,0.01
2019-06-03,90345.63,90335.58,90867.08,89819.98,0
2019-06-07,93809.09,90566.41,93809.09,90295.67,0.04
2019-06-10,94103.07,93761.52,94448.16,93013.89,0
2019-06-11,92825.57,94339.53,94589.29,92654.25,-0.01
2019-06-12,92605.84,92737.32,93614.4,92402.08,0
2019-06-13,90501.48,92172.86,92172.86,90501.48,-0.02
2019-06-14,90787.01,90842.75,91322.69,90024.05,0
2019-06-17,92249.8,90475.52,92565.5,90392.1,0.02
2019-06-18,94218.7,92309.71,94251.78,92083.04,0.02
2019-06-19,94244.06,94006.52,94774.36,93317.07,0
2019-06-20,94157.69,95226.7,95954.82,94038.28,0
2019-06-21,94022.28,94033.63,94377.75,93025.04,0
2019-06-24,95182.49,96039.5,96211.77,94897.54,0.01
2019-06-25,95421.05,95066.49,95994.46,94619.16,0
2019-06-26,94831.19,95534.29,95847.64,94519.12,-0.01
2019-06-27,95573.12,95256.46,95990.1,95256.46,0.01
2019-06-28,96485.32,95821.21,96650.32,95532.22,0.01
2019-07-01,99735.68,98662.85,99970.58,98374.47,0.03
2019-07-02,100200.97,99817.85,100341.64,99178.93,0
2019-07-03,99363.32,100452.79,100500.83,99142.66,-0.01
2019-07-04,99382.2,99730.96,100008.7,98527.33,0
2019-07-05,99634.78,99427.62,100447.49,99261.94,0
2019-07-08,98695.44,98106.02,99100.17,97890.96,-0.01
2019-07-09,96811.22,98724.81,99115.1,96783.93,-0.02
2019-07-10,98585.29,96840.62,98699.05,96270.98,0.02
2019-07-11,99406.44,99428,99726.46,98932.53,0.01
2019-07-12,97098.34,99460.7,99870.63,96855.16,-0.02
2019-07-16,98028.49,97860.4,98753.33,97633.85,0.01
2019-07-17,99806.17,98421.63,99920.37,98039.45,0.02
2019-07-18,101566.25,99716.67,101844.61,99388.13,0.02
2019-07-19,101849.19,102382.38,102881.92,101665.15,0
2019-07-22,101088.73,101812.29,102146.95,100846.81,-0.01
2019-07-23,102556.15,101223.7,102917.39,101086.52,0.01
2019-07-24,103457.26,102809.75,103457.26,101769.31,0.01
2019-07-25,102044.99,103676.26,104153.89,101604.55,-0.01
2019-07-26,102837.19,102272.12,103259.13,101546.18,0.01
2019-07-29,103373.07,103146.74,103526.3,102524.14,0.01
2019-07-30,102686.11,103519.28,103552.66,101969.59,-0.01
2019-07-31,102082.48,103058.7,103066.33,101539.66,-0.01
2019-08-01,101900.25,101342.2,102183.4,101093.04,0
2019-08-02,99679.44,101508.05,101706.91,99629.79,-0.02
2019-08-05,98673.28,99406.95,99980.56,98504.23,-0.01
2019-08-06,99583.82,98984.18,100057.63,98822.54,0.01
2019-08-07,98056.47,100028.69,100177.56,97722.73,-0.02
2019-08-08,99208.49,99124.74,99331.6,97851.79,0.01
2019-08-09,99405.03,99289.45,99875.25,98778.05,0
2019-08-15,96578.7,98504.05,98530.87,96507.76,-0.03
2019-08-16,95734.17,97199.04,97571.73,95730.86,-0.01
2019-08-19,95286.18,96501.35,96732.2,95099.4,0
2019-08-20,96031.83,95461.86,96582.78,95313.97,0.01
2019-08-21,95522.11,96163.73,96453.06,95261.54,-0.01
2019-08-22,95394.24,95730.34,96117.11,94349.28,0
2019-08-23,97149.04,95688.27,97403.9,95270.66,0.02
2019-08-26,97101.3,95648.94,97448.05,95648.94,0
2019-08-27,96030.47,97350.59,97350.59,95917.92,-0.01
2019-08-28,95908.35,96493.19,96596.66,95291.5,0
2019-08-29,96718.48,96129.69,97256.74,95782.29,0.01
2019-09-02,98342.9,96737.68,98630.83,96737.68,0.02
2019-09-03,98826.11,98313.05,99475.15,97957.32,0
2019-09-04,100077.47,99656.76,100240.99,99288.92,0.01
2019-09-05,100278.37,100618.07,100876.62,99815.36,0
2019-09-06,98987.48,100165.74,100402.28,98935.97,-0.01
2019-09-09,100604.99,99836.53,101165.5,99836.53,0.02
2019-09-10,101212.91,100614.28,101410.08,100336.23,0.01
2019-09-11,101922.15,101597.7,102187.91,101352.81,0.01
2019-09-12,102447.26,102311.82,103008.99,101746.12,0.01
2019-09-13,103071.8,102706.52,103258.48,102309.28,0.01
2019-09-16,102589.71,102551.8,103320.73,102246.4,0
2019-09-17,101447.39,102658.76,102663.08,100976.51,-0.01
2019-09-18,101930.07,101470.65,102094.83,100600.31,0
2019-09-19,100338.77,102097.2,102142.49,100030.67,-0.02
2019-09-20,100236.7,100641.1,100964.42,99933.08,0
2019-09-23,100020.65,100445.47,100716.15,99583.14,0
2019-09-24,101846.94,101375.47,102235.94,101375.47,0.02
2019-09-25,102618.41,101695.82,102618.41,101555.56,0.01
2019-09-26,101940.34,102913.54,103119.68,101913.88,-0.01
2019-09-27,105152.17,102211.07,105242.05,102211.07,0.03
2019-09-30,105033.02,105700.3,105834.02,104971.68,0
2019-10-01,103876.56,105274.97,105297.46,103189.15,-0.01
2019-10-02,103509.22,103832.37,104446.17,103183.99,0
2019-10-03,102784.33,103884.74,104767.54,102061.99,-0.01
2019-10-04,103463.52,103177,103875.17,102823.91,0.01
2019-10-07,102993.2,103294.05,105176.23,102571.71,0
2019-10-08,101859.28,102269.58,102817.2,100656.34,-0.01
2019-10-09,99648.74,102146.54,102602.51,99622.98,-0.02
2019-10-10,98780.39,99957.9,100259.52,97510.69,-0.01
2019-10-11,99027.82,99231.71,99782.66,98775.58,0
2019-10-14,93981.39,97979.58,98074.23,93382.08,-0.05
2019-10-15,95257.61,95592.62,95872.85,94789.87,0.01
2019-10-16,94137.22,93514.71,94390.54,93094.42,-0.01
2019-10-17,94896.23,94134.05,95090.33,93031.92,0.01
2019-10-18,98415.34,98406.01,98730.64,98002.23,0.04
2019-10-21,97324,98526.43,98526.43,97171.93,-0.01
2019-10-22,97886.36,97530.88,98367.48,97267.97,0.01
2019-10-23,99785.16,98799.33,99850.99,98637.16,0.02
2019-10-24,100345.64,100447.23,101238.8,100052.48,0.01
2019-10-25,100215.95,100272.11,100672.95,100043.25,0
2019-10-28,99838.3,100385.44,100542.47,99838.3,0
2019-10-30,98692.03,98920.86,99665.74,98504.47,-0.01
2019-10-31,98468.52,98920.12,99201,98171.75,0
2019-11-01,98462.73,98689.69,98813.59,97678.55,0
2019-11-04,100087.79,99267.44,100440.52,99143.94,0.02
2019-11-05,100525.32,100146.5,100693.88,99847.66,0
2019-11-06,101143.74,100672.39,101598.87,100368.45,0.01
2019-11-07,103544.35,101812.27,103544.35,101812.27,0.02
2019-11-08,103153.2,103446.23,104017.78,103020.77,0
2019-11-11,103118.48,102921.71,103841.08,102368.94,0
2019-11-12,103972.36,103452.32,104428.34,103452.32,0.01
2019-11-13,104828.18,104049.94,105025.19,103682.44,0.01
2019-11-14,103780.58,104306.92,105164.71,103308.5,-0.01
2019-11-15,105379.71,104474.89,105517.87,104408.95,0.02
2019-11-18,106846.18,105902.43,107222.38,105902.43,0.01
2019-11-19,107528.68,107196.64,107769.77,106633.71,0.01
2019-11-20,106785.08,107340.46,108142.19,106653.93,-0.01
2019-11-21,106805.2,106802.94,107306.97,106314.92,0
2019-11-22,106588.41,107108.9,107495.08,106019.77,0
2019-11-25,105382.47,107193.15,107845.98,105222.12,-0.01
2019-11-26,105983.14,105568.14,106162.31,104718.29,0.01
2019-11-27,105844.17,105935.82,106430.84,105394.58,0
2019-11-28,107126.18,106084.66,107213.15,106015.84,0.01
2019-11-29,106903.68,107300.11,107669.69,106564.41,0
2019-12-02,108004.3,107350.11,108210.24,107318.05,0.01
2019-12-03,106789.87,107873.01,108777.19,106789.87,-0.01
2019-12-04,107701.32,107254.48,107794.78,106701.59,0.01
2019-12-05,108658.98,108260.07,109031.94,108151.34,0.01
2019-12-06,108869.14,109008.91,109315.16,108352,0
2019-12-09,108786.06,108896.49,109124.74,108138.53,0
2019-12-10,108011.45,108912.38,109378.39,107617.84,-0.01
2019-12-11,107921.68,108030.51,108218.2,107464.85,0
2019-12-12,110114.66,108555.89,110114.66,108555.89,0.02
2019-12-13,110476.59,111010.65,111910.4,110017.97,0
2019-12-16,111125.51,110673.98,111443.4,110234.45,0.01
2019-12-17,111073.69,111495.02,111955.68,110937.43,0
2019-12-18,110574.68,110563.36,110848.19,110105.8,0
2019-12-19,110599.43,110853.16,111274.25,110485.88,0
2019-12-20,111176.75,111040.82,111636.33,110858.91,0.01
2019-12-23,112175.19,111479.29,112177.84,111266.18,0.01
2019-12-24,113153.46,112839.7,113395.45,112783.03,0.01
2019-12-25,113329.22,113397.29,113584.91,113062.75,0
2019-12-26,113653.02,113514.17,114534.75,113166.18,0
2019-12-27,113683.61,114035.7,114290.81,113380.66,0
2019-12-30,114753.97,114057.03,114961.51,114057.03,0.01
2019-12-31,114424.96,115072.05,115312.01,114418.57,0
2020-01-02,115932.05,114902.51,115932.05,114565.91,0.01
2020-01-03,113684.01,115142.77,115570.89,112617.2,-0.02
2020-01-06,111412.7,112532.38,112973.08,111211.98,-0.02
2020-01-07,112599.92,112594,113387.24,112347.58,0.01
2020-01-08,112876.05,110960.81,113342.43,110745.62,0
2020-01-09,117990.45,115236.49,118144.62,115236.49,0.05
2020-01-10,118663.7,118250.73,119140.15,117701.09,0.01
2020-01-13,120249.03,119595.16,120899.69,119595.16,0.01
2020-01-14,121423.34,120392.65,121504.39,119574.71,0.01
2020-01-15,120938.78,121232.62,121804.1,120442.41,0
2020-01-16,121000.85,121377.89,122482.43,120763.09,0
2020-01-17,121474.75,121619,121874.29,120596.94,0
2020-01-20,122619.77,121879.47,122925.97,121879.47,0.01
2020-01-21,123556.1,121886.8,123803.96,121504.06,0.01
2020-01-22,122747.08,124215.9,124536.63,122368.67,-0.01
2020-01-23,122540.22,122392.42,123457.39,122188.16,0
2020-01-24,122141.75,123693.69,123936.26,120761.35,0
2020-01-27,120149.7,120711.7,121673.64,120000.24,-0.02
2020-01-28,119801.63,120816.15,121109.42,119403.17,0
2020-01-29,119689.48,120585.88,120740.7,119505.76,0
2020-01-30,119849.65,119230.86,119871.8,118255.89,0
2020-01-31,119140.08,120096.24,120317.93,119140.08,-0.01
2020-02-03,119242.8,119436.5,119784.11,118761.62,0
2020-02-04,122136.17,120476.43,122220.1,120159.22,0.02
2020-02-05,122320.77,122416.65,123629.32,121906.36,0
2020-02-06,122283.87,122712.08,123844.96,121991.96,0
2020-02-07,121015.14,122476.31,122812.2,120912.76,-0.01
2020-02-10,118341.52,120459.39,121189.73,116647.79,-0.02
2020-02-11,119797.82,119504.74,120077.53,117450.92,0.01
2020-02-12,120048.74,119940,121369.76,119229.22,0
2020-02-13,120540.53,120000.39,120811.62,119472.47,0
2020-02-14,120151.44,121081.97,121580.54,120049.25,0
2020-02-17,120791.86,120981.96,121242.4,120561.2,0.01
2020-02-18,119574.1,120451.43,120451.43,119144.88,-0.01
2020-02-19,119196.09,120036.23,120464.81,118570.59,0
2020-02-20,115642.04,119288.9,119350.34,114920.86,-0.03
2020-02-21,116829.39,115089.45,117415.25,114453.4,0.01
2020-02-24,114789.21,114984.4,114984.4,113462.55,-0.02
2020-02-25,114364.53,115626.05,115991.78,113850.42,0
2020-02-26,115171.27,114281.84,115352.98,113146.53,0.01
2020-02-27,110418.37,113975.54,114463.57,110418.37,-0.04
2020-02-28,105993.65,99331.99,107760.17,99331.99,-0.04
2020-03-02,107309.87,108379.28,109405.34,106425.26,0.01
2020-03-03,111207.27,108997.5,111207.27,108881.41,0.04
2020-03-04,110785.38,110959.21,112898.65,110678.33,0
2020-03-05,111815.08,112504.56,113106.57,111403.44,0.01
2020-03-06,109600.53,111653.72,112345.07,108774.74,-0.02
2020-03-09,103524.02,106539.89,106585.36,101995.06,-0.06
2020-03-10,101062.51,106021.05,106857.2,101022.33,-0.02
2020-03-11,100966.27,100416.41,102838.57,98805.86,0
2020-03-12,93639.5,98448.16,99026.93,92853.67,-0.07
2020-03-13,95605.22,93657.5,98855.54,91644.28,0.02
2020-03-16,87888.34,92263.97,92263.97,86853.34,-0.08
2020-03-17,86777.69,88923.35,88948.63,81936.4,-0.01
2020-03-18,85576.61,84776.51,87824.55,84302.7,-0.01
2020-03-19,85195.39,84940.28,86879,84071.97,0
2020-03-20,85795.79,87217.14,88093.46,85005.23,0.01
2020-03-23,84246.17,83043.97,86587.16,82528.45,-0.02
2020-03-24,89286.22,87571.4,89638.33,87050.38,0.06
2020-03-25,89063.03,90518.91,91959.49,88123.29,0
2020-03-26,91527.59,88959.88,91807.06,88481.22,0.03
2020-03-27,88125.04,91833.88,92299.34,88125.04,-0.04
2020-03-30,88059.46,87937.02,88811.86,86815.14,0
2020-03-31,89643.71,89278.67,90268.6,88641.93,0.02
2020-04-01,89085.13,88285.83,90399.16,87888.61,-0.01
2020-04-02,89510.88,89748.48,90408.82,88081.88,0
2020-04-03,89552.61,89614.06,89968.77,89043.06,0
2020-04-06,92071.13,90989.07,92157.54,90630.58,0.03
2020-04-07,92381.82,93174.07,94778.62,92381.82,0
2020-04-08,93225.22,92481.7,93275.21,91803.35,0.01
2020-04-09,95834.44,94275.35,95834.44,93629.34,0.03
2020-04-10,96470.97,96201.32,97482.88,95352.47,0.01
2020-04-13,96398.64,95463.15,97312.49,95019.03,0
2020-04-14,98549.8,97491.12,98630.37,97272.72,0.02
2020-04-15,95854.92,98944.92,99044.2,94602.49,-0.03
2020-04-16,96249.09,96705.97,97064.94,95330.43,0
2020-04-17,98179.82,98287.16,98758.54,97600.99,0.02
2020-04-20,98945.88,98661.63,99266.68,98068,0.01
2020-04-21,97619,98368.45,98503.31,97275.89,-0.01
2020-04-22,98170.98,98129.45,98961.78,97896.6,0.01
2020-04-24,98758.96,98449.46,99497.08,97929.33,0.01
2020-04-27,101267.36,100086.33,101360.57,100086.33,0.03
2020-04-28,100707.48,101543.42,101917.52,100621.07,-0.01
2020-04-29,101595.33,101212.5,101742.67,100579.05,0.01
2020-04-30,101110.11,101995.53,102328.43,99359.52,0
2020-05-04,98842.24,100253.75,100253.75,98305.57,-0.02
2020-05-05,98737.52,99634.33,99791.34,97880.46,0
2020-05-06,98571.46,98886.1,99280.05,98069.46,0
2020-05-07,98398.81,98579.92,99273.48,97799.59,0
2020-05-08,97845.2,98902.63,99514.39,97671.82,-0.01
2020-05-11,97792.23,98419.82,98641.05,97792.23,0
2020-05-12,99615.88,97926.43,99708.31,97740.33,0.02
2020-05-13,100159.13,99705.13,100864.92,99442.9,0.01
2020-05-14,99193.03,100007.88,100381.19,98494.25,-0.01
2020-05-15,99768.15,99678.32,100812.52,99678.32,0.01
2020-05-18,101982.96,100896.81,102224.52,100896.81,0.02
2020-05-20,102157.53,102491.77,102998.41,101968,0
2020-05-21,102648.93,102224.11,103227.25,102149.07,0
2020-05-22,103024.34,102453.67,103306.72,102013.76,0
2020-05-27,104953.5,103798,105495.06,103798,0.02
2020-05-28,105359.76,105556.07,106291.54,104534.59,0
2020-05-29,105520.47,105182.89,105669.21,104670.95,0
2020-06-01,107266.19,106481.02,107371.53,106356.95,0.02
2020-06-02,108097.27,107787.94,108483.66,107098.67,0.01
2020-06-03,109111.34,108926.2,109230.84,108326.55,0.01
2020-06-04,109536.92,109383.75,109853.13,108779.39,0
2020-06-05,110021.83,110142.64,110601.92,109545.57,0
2020-06-08,109637.08,110331.85,111042.82,109248.4,0
2020-06-09,109236.52,109944.95,110329.86,108456.4,0
2020-06-10,109778.94,109599.77,110409.79,109391.57,0.01
2020-06-11,109155.41,109373.97,110158.45,108745.02,-0.01
2020-06-12,109835.47,108484.79,110127.41,107832.96,0.01
2020-06-15,109555.95,109392.95,110066.94,108716.08,0
2020-06-16,110939.66,110814.81,111875.03,110706.03,0.01
